Student_ID,Department,Gender,Placement,Internship,Attendance,Academic_Performance,Skill_Level,Certification
S001,CSE,Male,Yes,Yes,High,Excellent,Advanced,Yes
S002,CSE,Female,Yes,Yes,High,Good,Advanced,Yes
S003,CSE,Male,Yes,No,Medium,Good,Intermediate,No
S004,CSE,Female,No,No,Low,Average,Beginner,No
S005,CSE,Male,Yes,Yes,High,Excellent,Advanced,Yes
S006,CSE,Female,Yes,Yes,High,Excellent,Advanced,Yes
S007,CSE,Male,No,No,Medium,Average,Intermediate,No
S008,CSE,Female,Yes,Yes,High,Good,Advanced,Yes
S009,CSE,Male,Yes,Yes,High,Good,Advanced,Yes
S010,CSE,Female,No,No,Low,Average,Beginner,No
S011,ECE,Male,No,No,Low,Average,Beginner,No
S012,ECE,Female,Yes,Yes,High,Good,Intermediate,Yes
S013,ECE,Male,No,No,Medium,Average,Beginner,No
S014,ECE,Female,Yes,Yes,High,Excellent,Advanced,Yes
S015,ECE,Male,Yes,No,Medium,Good,Intermediate,No
S016,ECE,Female,No,No,Low,Average,Beginner,No
S017,ECE,Male,Yes,Yes,High,Good,Advanced,Yes
S018,ECE,Female,No,No,Medium,Average,Intermediate,No
S019,ECE,Male,No,Yes,Medium,Average,Intermediate,Yes
S020,ECE,Female,Yes,Yes,High,Excellent,Advanced,Yes
S021,EEE,Male,No,No,Low,Average,Beginner,No
S022,EEE,Female,No,No,Medium,Average,Beginner,No
S023,EEE,Male,Yes,Yes,High,Good,Intermediate,Yes
S024,EEE,Female,No,No,Low,Average,Beginner,No
S025,EEE,Male,Yes,No,Medium,Good,Intermediate,No
S026,EEE,Female,Yes,Yes,High,Excellent,Advanced,Yes
S027,EEE,Male,No,No,Medium,Average,Beginner,No
S028,EEE,Female,No,No,Low,Average,Beginner,No
S029,EEE,Male,Yes,Yes,High,Good,Advanced,Yes
S030,EEE,Female,Yes,Yes,High,Good,Intermediate,Yes
S031,IT,Male,Yes,Yes,High,Excellent,Advanced,Yes
S032,IT,Female,Yes,Yes,High,Good,Advanced,Yes
S033,IT,Male,No,No,Medium,Average,Intermediate,No
S034,IT,Female,Yes,No,Medium,Good,Intermediate,No
S035,IT,Male,Yes,Yes,High,Excellent,Advanced,Yes
S036,IT,Female,No,No,Low,Average,Beginner,No
S037,IT,Male,Yes,Yes,High,Good,Advanced,Yes
S038,IT,Female,Yes,Yes,High,Excellent,Advanced,Yes
S039,IT,Male,No,No,Medium,Average,Beginner,No
S040,IT,Female,Yes,Yes,High,Good,Advanced,Yes
S041,AI_DS,Male,Yes,Yes,High,Excellent,Advanced,Yes
S042,AI_DS,Female,Yes,Yes,High,Excellent,Advanced,Yes
S043,AI_DS,Male,Yes,No,Medium,Good,Intermediate,No
S044,AI_DS,Female,No,No,Low,Average,Beginner,No
S045,AI_DS,Male,Yes,Yes,High,Good,Advanced,Yes
S046,AI_DS,Female,Yes,Yes,High,Excellent,Advanced,Yes
S047,AI_DS,Male,No,No,Medium,Average,Intermediate,No
S048,AI_DS,Female,Yes,Yes,High,Good,Advanced,Yes
S049,AI_DS,Male,Yes,Yes,High,Excellent,Advanced,Yes
S050,AI_DS,Female,No,No,Low,Average,Beginner,No